{"version":6,"validation":{"int8":{"confusion_matrix":[[343,0,0],[0,339,1],[3,2,336]],"classification_report":{"0":{"precision":0.9913294797687862,"recall":1,"f1-score":0.9956458635703919,"support":343},"1":{"precision":0.9941348973607038,"recall":0.9970588235294118,"f1-score":0.9955947136563876,"support":340},"2":{"precision":0.9970326409495549,"recall":0.9853372434017595,"f1-score":0.9911504424778762,"support":341},"accuracy":0.994140625,"macro avg":{"precision":0.9941656726930149,"recall":0.9941320223103904,"f1-score":0.994130339901552,"support":1024},"weighted avg":{"precision":0.9941601633077453,"recall":0.994140625,"f1-score":0.9941318698562227,"support":1024}},"roc_auc":0.9998740509351851,"loss":0.018676597860329616,"support":1024,"weighted_average":{"precision":0.9941601633077453,"recall":0.994140625,"f1-score":0.9941318698562227},"class_names":["Morango","Pipoca","Ruido"]},"float32":{"confusion_matrix":[[343,0,0],[0,338,2],[3,2,336]],"classification_report":{"0":{"precision":0.9913294797687862,"recall":1,"f1-score":0.9956458635703919,"support":343},"1":{"precision":0.9941176470588236,"recall":0.9941176470588236,"f1-score":0.9941176470588236,"support":340},"2":{"precision":0.9940828402366864,"recall":0.9853372434017595,"f1-score":0.9896907216494845,"support":341},"accuracy":0.9931640625,"macro avg":{"precision":0.9931766556880987,"recall":0.9931516301535277,"f1-score":0.9931514107595666,"support":1024},"weighted avg":{"precision":0.9931721289857458,"recall":0.9931640625,"f1-score":0.9931553391475769,"support":1024}},"roc_auc":0.9998654615583656,"loss":0.019271625481021945,"support":1024,"weighted_average":{"precision":0.9931721289857458,"recall":0.9931640625,"f1-score":0.9931553391475769},"class_names":["Morango","Pipoca","Ruido"]}},"test":{"int8":{"confusion_matrix":[[331,0,4],[0,331,4],[1,3,331]],"classification_report":{"0":{"precision":0.9969879518072289,"recall":0.9880597014925373,"f1-score":0.9925037481259371,"support":335},"1":{"precision":0.9910179640718563,"recall":0.9880597014925373,"f1-score":0.9895366218236173,"support":335},"2":{"precision":0.976401179941003,"recall":0.9880597014925373,"f1-score":0.9821958456973294,"support":335},"accuracy":0.9880597014925373,"macro avg":{"precision":0.9881356986066961,"recall":0.9880597014925373,"f1-score":0.9880787385489613,"support":1005},"weighted avg":{"precision":0.988135698606696,"recall":0.9880597014925373,"f1-score":0.9880787385489612,"support":1005}},"roc_auc":0.9994854087770104,"loss":0.038924476308196135,"support":1005,"weighted_average":{"precision":0.988135698606696,"recall":0.9880597014925373,"f1-score":0.9880787385489612},"class_names":["Morango","Pipoca","Ruido"]},"float32":{"confusion_matrix":[[331,0,4],[0,331,4],[1,3,331]],"classification_report":{"0":{"precision":0.9969879518072289,"recall":0.9880597014925373,"f1-score":0.9925037481259371,"support":335},"1":{"precision":0.9910179640718563,"recall":0.9880597014925373,"f1-score":0.9895366218236173,"support":335},"2":{"precision":0.976401179941003,"recall":0.9880597014925373,"f1-score":0.9821958456973294,"support":335},"accuracy":0.9880597014925373,"macro avg":{"precision":0.9881356986066961,"recall":0.9880597014925373,"f1-score":0.9880787385489613,"support":1005},"weighted avg":{"precision":0.988135698606696,"recall":0.9880597014925373,"f1-score":0.9880787385489612,"support":1005}},"roc_auc":0.9995128833444716,"loss":0.03920803963278448,"support":1005,"weighted_average":{"precision":0.988135698606696,"recall":0.9880597014925373,"f1-score":0.9880787385489612},"class_names":["Morango","Pipoca","Ruido"]}}}