{"version":6,"validation":{"int8":{"confusion_matrix":[[440,0],[1,423]],"classification_report":{"0":{"precision":0.9977324263038548,"recall":1,"f1-score":0.9988649262202043,"support":440},"1":{"precision":1,"recall":0.9976415094339622,"f1-score":0.998819362455726,"support":424},"accuracy":0.9988425925925926,"macro avg":{"precision":0.9988662131519275,"recall":0.9988207547169812,"f1-score":0.9988421443379651,"support":864},"weighted avg":{"precision":0.9988452170991854,"recall":0.9988425925925926,"f1-score":0.9988425662246733,"support":864}},"roc_auc":0.9988207547169812,"loss":0.007304772307557615,"support":864,"weighted_average":{"precision":0.9988452170991854,"recall":0.9988425925925926,"f1-score":0.9988425662246733},"class_names":["Diana","Outros"]},"float32":{"confusion_matrix":[[440,0],[1,423]],"classification_report":{"0":{"precision":0.9977324263038548,"recall":1,"f1-score":0.9988649262202043,"support":440},"1":{"precision":1,"recall":0.9976415094339622,"f1-score":0.998819362455726,"support":424},"accuracy":0.9988425925925926,"macro avg":{"precision":0.9988662131519275,"recall":0.9988207547169812,"f1-score":0.9988421443379651,"support":864},"weighted avg":{"precision":0.9988452170991854,"recall":0.9988425925925926,"f1-score":0.9988425662246733,"support":864}},"roc_auc":0.9988207547169812,"loss":0.007414615528635866,"support":864,"weighted_average":{"precision":0.9988452170991854,"recall":0.9988425925925926,"f1-score":0.9988425662246733},"class_names":["Diana","Outros"]}},"test":{"int8":{"confusion_matrix":[[427,5],[2,430]],"classification_report":{"0":{"precision":0.9953379953379954,"recall":0.9884259259259259,"f1-score":0.9918699186991871,"support":432},"1":{"precision":0.9885057471264368,"recall":0.9953703703703703,"f1-score":0.9919261822376009,"support":432},"accuracy":0.9918981481481481,"macro avg":{"precision":0.9919218712322161,"recall":0.9918981481481481,"f1-score":0.991898050468394,"support":864},"weighted avg":{"precision":0.9919218712322162,"recall":0.9918981481481481,"f1-score":0.991898050468394,"support":864}},"roc_auc":0.9918981481481481,"loss":0.018903359565422436,"support":864,"weighted_average":{"precision":0.9919218712322162,"recall":0.9918981481481481,"f1-score":0.991898050468394},"class_names":["Diana","Outros"]},"float32":{"confusion_matrix":[[427,5],[2,430]],"classification_report":{"0":{"precision":0.9953379953379954,"recall":0.9884259259259259,"f1-score":0.9918699186991871,"support":432},"1":{"precision":0.9885057471264368,"recall":0.9953703703703703,"f1-score":0.9919261822376009,"support":432},"accuracy":0.9918981481481481,"macro avg":{"precision":0.9919218712322161,"recall":0.9918981481481481,"f1-score":0.991898050468394,"support":864},"weighted avg":{"precision":0.9919218712322162,"recall":0.9918981481481481,"f1-score":0.991898050468394,"support":864}},"roc_auc":0.9918981481481481,"loss":0.01901028619455299,"support":864,"weighted_average":{"precision":0.9919218712322162,"recall":0.9918981481481481,"f1-score":0.991898050468394},"class_names":["Diana","Outros"]}}}